{"cameraMode":{"drawMode":0,"name":"Shaded","section":"Shading Mode"},"sceneLighting":true,"audioPlay":false,"sceneViewState":{"showFog":true,"showMaterialUpdate":false,"showSkybox":true,"showFlares":true,"showImageEffects":true,"showParticleSystems":true},"in2DMode":false,"pivot":{"x":0.1627584546804428,"y":0.41247472167015078,"z":-0.23142172396183015},"rotation":{"x":-0.01022730115801096,"y":0.018882837146520616,"z":0.0002011486649280414,"w":0.9997920393943787},"size":0.23345237970352174,"orthographic":false}